Date,Time,bug_type,bug_name,Sequence Number,Host,IP Address,URL,Action,Response Code,Content Type,Content Encoding,CDN Provider,Connect Time,Time to Load (ms),Time to First Byte (ms),Real Start Time (ms),Start Time (ms),End Time (ms),Full Time to Load (ms),DNS Time,DNS Start,DNS End,SSL Time,SSL Negotiation Start,SSL Negotiation End,Connect Start,Connect End,Object Size,Bytes In,Bytes Out,Image Total Bytes,Initiator,Initiator Line,Expires,Cached,Cookie Count(out)
07/08/2015,09:10:41,-,-,1,my.yahoo.com,46.228.47.115,/,GET,301,text/html,,,-1,56,56,,244,300,,-1,0,187,-1,0,0,188,244,374,668,349,0,,,,0,
07/08/2015,09:10:41,-,-,2,my.yahoo.com,,/,GET,200,text/html,gzip,,-1,769,303,,460,1229,,-1,0,0,-1,348,459,298,348,0,64699,397,0,,,-1,0,
07/08/2015,09:10:41,-,-,3,s.yimg.com,,/os/stencil/3.1.0/styles-ltr.css,GET,200,text/css,gzip,Yahoo,-1,93,42,,1558,1651,,-1,1098,1464,-1,1494,1558,1464,1494,0,21504,431,0,https://my.yahoo.com/,13,"Tue, 29 Jun 2032 11:17:15 GMT",0,
07/08/2015,09:10:41,-,-,4,s.yimg.com,,/os/mit/td/stencil-0.1.287/stencil-theme-009/stencil-theme-009-min.css,GET,200,text/css,gzip,Yahoo,-1,127,124,,1558,1685,,-1,0,0,-1,0,0,0,0,0,4370,507,0,https://my.yahoo.com/,34,"Fri, 02 Jul 2032 14:20:30 GMT",0,
07/08/2015,09:10:41,-,-,5,s.yimg.com,,/zz/combo?nn/lib/metro/g/myy/brandbars_0.0.3.css&nn/lib/metro/g/theme/yglyphs-legacy_0.0.4.css&nn/lib/metro/g/myy/myy_0.0.145.css&nn/lib/metro/g/sda/sda_0.0.6.css,GET,200,text/css,gzip,Yahoo,-1,174,126,,1558,1732,,-1,0,0,-1,0,0,0,0,0,5458,691,0,https://my.yahoo.com/,43,,0,
07/08/2015,09:10:41,-,-,6,s.yimg.com,,/os/mit/media/m/base/images/transparent-95031.png,GET,200,image/png,,Yahoo,-1,432,353,,1558,1990,,-1,0,0,-1,0,0,0,0,0,430,467,0,https://my.yahoo.com/,50,"Tue, 28 Jun 2033 19:24:04 GMT",0,
07/08/2015,09:10:41,-,-,7,s.yimg.com,,/rq/darla/2-8-9/js/g-r-min.js,GET,200,application/x-javascript,gzip,Yahoo,-1,281,125,,1559,1840,,-1,0,0,-1,0,0,0,0,0,67096,410,0,https://my.yahoo.com/,157,"Wed, 08 Jul 2015 20:12:38 GMT",0,
07/08/2015,09:10:41,-,-,8,s.yimg.com,,/kx/yucs/uh3s/atomic/60/css/atomic-min.css,GET,200,text/css,gzip,Yahoo,-1,176,125,,1559,1735,,-1,0,0,-1,0,0,0,0,0,4292,451,0,https://my.yahoo.com/,45,"Sat, 21 Jun 2025 18:17:50 GMT",0,
07/08/2015,09:10:41,-,-,9,s.yimg.com,,/zz/combo?yui:/3.12.0/yui/yui-min.js&/os/mit/td/asset-loader-s-f66c53f0.js&/ss/rapid-3.26.1.js,GET,200,application/javascript,gzip,Yahoo,-1,428,241,,1560,1988,,-1,0,0,-1,0,0,0,0,0,62922,540,0,https://my.yahoo.com/,3236,"Sat, 05 Sep 2026 00:00:00 GMT",0,
07/08/2015,09:10:41,-,-,10,s.yimg.com,,/kx/yucs/uh3s/promo-ff/1/images/ff_icon-compressed.png,GET,200,image/png,,Yahoo,-1,420,260,,1655,2075,,-1,0,0,-1,0,0,0,0,0,1917,477,0,https://my.yahoo.com/,154,"Sat, 30 Nov 2024 22:10:08 GMT",0,
07/08/2015,09:10:41,-,-,11,s.yimg.com,,/os/mit/media/m/base/images/transparent-1093278.png,GET,200,image/png,,Yahoo,-1,420,260,,1655,2075,,-1,0,0,-1,0,0,0,0,0,267,471,0,https://my.yahoo.com/,154,"Sat, 02 Jul 2033 12:37:01 GMT",0,
07/08/2015,09:10:41,-,-,12,s.yimg.com,,/os/mit/ape/w/d8f6e02/dark/clear_day.png,GET,200,image/png,,Yahoo,-1,426,279,,1656,2082,,-1,0,0,-1,0,0,0,0,0,2401,449,0,https://my.yahoo.com/,269,"Fri, 02 Jul 2032 13:21:11 GMT",0,
07/08/2015,09:10:41,-,-,13,s.yimg.com,,/dh/ap/default/130915/wcl1.gif,GET,200,image/gif,,Yahoo,-1,424,277,,1656,2080,,-1,0,0,-1,0,0,0,0,0,788,429,0,https://my.yahoo.com/,235,"Sat, 05 Sep 2026 00:00:00 GMT",0,
07/08/2015,09:10:41,-,-,14,s.yimg.com,,/os/mit/ape/w/d8f6e02/dark/mostly_cloudy_day_night.png,GET,200,image/png,,Yahoo,-1,424,277,,1656,2080,,-1,0,0,-1,0,0,0,0,0,2055,477,0,https://my.yahoo.com/,242,"Fri, 02 Jul 2032 20:28:50 GMT",0,
07/08/2015,09:10:41,-,-,15,s.yimg.com,,/os/mit/ape/w/d8f6e02/dark/partly_cloudy_day.png,GET,200,image/png,,Yahoo,-1,425,278,,1656,2081,,-1,0,0,-1,0,0,0,0,0,2640,465,0,https://my.yahoo.com/,260,"Fri, 02 Jul 2032 20:23:10 GMT",0,
07/08/2015,09:10:41,-,-,16,s.yimg.com,,/os/mit/ape/w/d8f6e02/dark/fair_day.png,GET,200,image/png,,Yahoo,-1,427,304,,1656,2083,,-1,0,0,-1,0,0,0,0,0,2722,447,0,https://my.yahoo.com/,278,"Fri, 02 Jul 2032 20:44:31 GMT",0,
07/08/2015,09:10:41,-,-,17,s.yimg.com,,/iu/api/res/1.2/BbuVtDUpkU0QPb7kw897sw--/YXBwaWQ9c2hhcmVkO2NoPTcwO2NyPTE7Y3c9NzA7ZHg9MDtkeT0wO2ZpPXVsY3JvcDtoPTcwO3E9MTAwO3c9NzA-/http://l.yimg.com/xe/i/us/sp/v/mlb/teams/83/70x70/bal.png,GET,200,image/png,,Yahoo,-1,430,305,,1656,2086,,-1,0,0,-1,0,0,0,0,0,5913,743,0,https://my.yahoo.com/,464,,0,
07/08/2015,09:10:41,-,-,18,s.yimg.com,,/iu/api/res/1.2/U06lNBbF7GCXQgbzm4UrUA--/YXBwaWQ9c2hhcmVkO2NoPTcwO2NyPTE7Y3c9NzA7ZHg9MDtkeT0wO2ZpPXVsY3JvcDtoPTcwO3E9MTAwO3c9NzA-/http://l.yimg.com/xe/i/us/sp/v/mlb/teams/83/70x70/sea.png,GET,200,image/png,,Yahoo,-1,432,310,,1656,2088,,-1,0,0,-1,0,0,0,0,0,6281,743,0,https://my.yahoo.com/,620,,0,
07/08/2015,09:10:41,-,-,19,s.yimg.com,,/iu/api/res/1.2/jgNyvSQGfxmBvzT0uLwC6w--/YXBwaWQ9c2hhcmVkO2NoPTcwO2NyPTE7Y3c9NzA7ZHg9MDtkeT0wO2ZpPXVsY3JvcDtoPTcwO3E9MTAwO3c9NzA-/http://l.yimg.com/xe/i/us/sp/v/mlb/teams/83/70x70/sfo.png,GET,200,image/png,,Yahoo,-1,434,321,,1656,2090,,-1,0,0,-1,0,0,0,0,0,2118,743,0,https://my.yahoo.com/,695,,0,
07/08/2015,09:10:41,-,-,20,s.yimg.com,,/iu/api/res/1.2/7SB4Bs8Rb67tLDO9t2toJA--/YXBwaWQ9c2hhcmVkO2NoPTcwO2NyPTE7Y3c9NzA7ZHg9MDtkeT0wO2ZpPXVsY3JvcDtoPTcwO3E9MTAwO3c9NzA-/http://l.yimg.com/xe/i/us/sp/v/mlb/teams/83/70x70/nym.png,GET,200,image/png,,Yahoo,-1,432,317,,1657,2089,,-1,0,0,-1,0,0,0,0,0,2342,743,0,https://my.yahoo.com/,687,,0,
07/08/2015,09:10:41,-,-,21,s.yimg.com,,/os/mit/ape/w/d8f6e02/dark/rain_day_night.png,GET,200,image/png,,Yahoo,-1,424,278,,1657,2081,,-1,0,0,-1,0,0,0,0,0,2544,459,0,https://my.yahoo.com/,251,"Tue, 29 Jun 2032 06:56:23 GMT",0,
07/08/2015,09:10:41,-,-,22,s.yimg.com,,/iu/api/res/1.2/2PgDiE1g8VMYccBJumO0mQ--/YXBwaWQ9c2hhcmVkO2NoPTcwO2NyPTE7Y3c9NzA7ZHg9MDtkeT0wO2ZpPXVsY3JvcDtoPTcwO3E9MTAwO3c9NzA-/http://l.yimg.com/xe/i/us/sp/v/mlb/teams/83/70x70/mil.png,GET,200,image/png,,Yahoo,-1,429,304,,1657,2086,,-1,0,0,-1,0,0,0,0,0,6941,743,0,https://my.yahoo.com/,545,,0,
07/08/2015,09:10:41,-,-,23,s.yimg.com,,/iu/api/res/1.2/zdW730k4dRvuUdlHI2NmTQ--/YXBwaWQ9c2hhcmVkO2NoPTcwO2NyPTE7Y3c9NzA7ZHg9MDtkeT0wO2ZpPXVsY3JvcDtoPTcwO3E9MTAwO3c9NzA-/http://l.yimg.com/xe/i/us/sp/v/mlb/teams/83/70x70/was.png,GET,200,image/png,,Yahoo,-1,484,330,,1657,2141,,-1,0,0,-1,0,0,0,0,0,6795,743,0,https://my.yahoo.com/,770,,0,
07/08/2015,09:10:41,-,-,24,s.yimg.com,,/iu/api/res/1.2/Z0S1Sl8PRuuuNcIVuTMFvg--/YXBwaWQ9c2hhcmVkO2NoPTcwO2NyPTE7Y3c9NzA7ZHg9MDtkeT0wO2ZpPXVsY3JvcDtoPTcwO3E9MTAwO3c9NzA-/https://s.yimg.com/xe/ipt/cincinnati2_70.png,GET,200,image/png,,Yahoo,-1,482,330,,1658,2140,,-1,0,0,-1,0,0,0,0,0,3624,717,0,https://my.yahoo.com/,762,,0,
07/08/2015,09:10:41,-,-,25,s.yimg.com,,/xe/ipt/det_nonWhite_70x70.png,GET,200,image/png,,Yahoo,-1,948,492,,1659,2607,,-1,0,0,-1,0,0,0,0,0,2455,429,0,https://my.yahoo.com/,612,,0,
07/08/2015,09:10:41,-,-,26,s.yimg.com,,/xe/ipt/atl_nonWhite_70x70.png,GET,200,image/png,,Yahoo,-1,952,493,,1659,2611,,-1,0,0,-1,0,0,0,0,0,2575,429,0,https://my.yahoo.com/,537,,0,
07/08/2015,09:10:41,-,-,27,s.yimg.com,,/xe/i/us/sp/v/mlb/teams/20131113/84/500x500/sdg_70x70.png,GET,200,image/png,,Yahoo,-1,949,491,,1661,2610,,-1,0,0,-1,0,0,0,0,0,2484,483,0,https://my.yahoo.com/,837,,0,
07/08/2015,09:10:41,-,-,28,s.yimg.com,,/xe/ipt/min_nonWhite_70x70.png,GET,200,image/png,,Yahoo,-1,934,479,,1665,2599,,-1,0,0,-1,0,0,0,0,0,3176,429,0,https://my.yahoo.com/,472,,0,
07/08/2015,09:10:41,-,-,29,s.yimg.com,,/iu/api/res/1.2/.5Dh_b0Pl3mCAc.NLIhmFQ--/YXBwaWQ9c2hhcmVkO2NoPTcwO2NyPTE7Y3c9NzA7ZHg9MDtkeT0wO2ZpPXVsY3JvcDtoPTcwO3E9MTAwO3c9NzA-/http://l.yimg.com/xe/i/us/sp/v/mlb/teams/83/70x70/pit.png,GET,200,image/png,,Yahoo,-1,476,332,,1680,2156,,-1,0,0,-1,0,0,0,0,0,1354,743,0,https://my.yahoo.com/,845,,0,
07/08/2015,09:10:41,-,-,30,s.yimg.com,,/os/mit/ape/m/81f43c2/t.gif,GET,200,image/gif,,Yahoo,-1,476,332,,1680,2156,,-1,0,0,-1,0,0,0,0,0,410,423,0,https://my.yahoo.com/,947,"Thu, 01 Jul 2032 15:47:36 GMT",0,
07/08/2015,09:10:41,-,-,31,s.yimg.com,,/uu/api/res/1.2/RwGE9ZYvHCFPAHoagxnHNQ--/Zmk9ZmlsbDtoPTEwMDtweW9mZj0wO3c9MTAwO3NtPTE7YXBwaWQ9eXRhY2h5b24-/http://slingstone.zenfs.com/offnetwork/91646630315644bef05a408a509057c2,GET,200,image/jpeg,,Yahoo,-1,539,377,,1680,2219,,-1,0,0,-1,0,0,0,0,0,2242,723,0,https://my.yahoo.com/,2518,,0,
07/08/2015,09:10:41,-,-,32,s.yimg.com,,/uu/api/res/1.2/TZWnaqpqSPr25_p0jjsnBg--/Zmk9ZmlsbDtoPTEwMDtweW9mZj0wO3c9MTAwO3NtPTE7YXBwaWQ9eXRhY2h5b24-/http://media.zenfs.com/en-us/homerun/etonline.tv/13a18efcabd871541a28e80b1402dd42,GET,200,image/jpeg,,Yahoo,-1,478,340,,1680,2158,,-1,0,0,-1,0,0,0,0,0,2976,743,0,https://my.yahoo.com/,2329,,0,
07/08/2015,09:10:41,-,-,33,s.yimg.com,,/uu/api/res/1.2/RcsmnJ3jkFVaFdLO65pv8w--/Zmk9ZmlsbDtoPTEwMDtweW9mZj0wO3c9MTAwO3NtPTE7YXBwaWQ9eXRhY2h5b24-/http://slingstone.zenfs.com/offnetwork/23285b31d02f24d39f8c727e555bf026,GET,200,image/jpeg,,Yahoo,-1,479,340,,1680,2159,,-1,0,0,-1,0,0,0,0,0,2916,723,0,https://my.yahoo.com/,2398,,0,
07/08/2015,09:10:41,-,-,34,s.yimg.com,,/uu/api/res/1.2/Fj5NT.BQe.ImTMHMuxGjxg--/Zmk9ZmlsbDtoPTEwMDtweW9mZj0wO3c9MTAwO3NtPTE7YXBwaWQ9eXRhY2h5b24-/http://media.zenfs.com/en-US/homerun/cnet.cbs.com/78fb96a401d504478dcac69d44754445,GET,200,image/jpeg,,Yahoo,-1,480,345,,1680,2160,,-1,0,0,-1,0,0,0,0,0,2189,745,0,https://my.yahoo.com/,2428,,0,
07/08/2015,09:10:41,-,-,35,s.yimg.com,,/uu/api/res/1.2/orYTe22q5cq9L7Uc62QLQw--/Zmk9ZmlsbDtoPTEwMDtweW9mZj0wO3c9MTAwO3NtPTE7YXBwaWQ9eXRhY2h5b24-/http://media.zenfs.com/en_us/News/ap_webfeeds/492644b945f58d1e7b0f6a7067001d4e.jpg,GET,200,image/jpeg,,Yahoo,-1,538,352,,1680,2218,,-1,0,0,-1,0,0,0,0,0,2415,745,0,https://my.yahoo.com/,2488,,0,
07/08/2015,09:10:41,-,-,36,s.yimg.com,,/uu/api/res/1.2/QHHvrV5tAEyNcGW7x2yXBQ--/YXBwaWQ9eXRhY2h5b24-/http://l.yimg.com/av/curveball/ads/pr/RESIZE/82x82/7ff5f69e16a8b33c2d1257c724e514f4.png,GET,200,image/png,,Yahoo,-1,539,377,,1680,2219,,-1,0,0,-1,0,0,0,0,0,9806,667,0,https://my.yahoo.com/,2363,,0,
07/08/2015,09:10:41,-,-,37,s.yimg.com,,/uu/api/res/1.2/xwucYJvIH3b0a9p7ZECiaw--/Zmk9ZmlsbDtoPTEwMDtweW9mZj0wO3c9MTAwO3NtPTE7YXBwaWQ9eXRhY2h5b24-/http://media.zenfs.com/en-US/homerun/huffingtonpost.com.rss/b4716cb16c8887cdf9b5ecc7cc22b35b,GET,200,image/jpeg,,Yahoo,-1,481,352,,1681,2162,,-1,0,0,-1,0,0,0,0,0,2996,765,0,https://my.yahoo.com/,2458,,0,
07/08/2015,09:10:41,-,-,38,s.yimg.com,,/lo/api/res/1.2/N6PHfteTJxvprQ1uSfyaBg--/YXBwaWQ9eW15O2ZpPWZpbGw7aD04Mjt3PTgy/http://l1.yimg.com/bt/api/res/1.2/Jk.wR9OIaxFaB0KUK61Rig--/YXBwaWQ9eW5ld3M7Zmk9ZmlsbDtoPTg2O3B4b2ZmPTUwO3B5b2ZmPTA7cT03NTt3PTEzMA--/http://media.zenfs.com/en_us/News/ap_webfeeds/5940eb8e6b0d921e7b0f6a706700e25c.jpg,GET,200,image/jpeg,,Yahoo,-1,541,411,,1681,2222,,-1,0,0,-1,0,0,0,0,0,2936,953,0,https://my.yahoo.com/,2929,,0,
07/08/2015,09:10:41,-,-,39,s.yimg.com,,/uu/api/res/1.2/1DE_xhn_2v_qpd_zi3_2UQ--/Zmk9ZmlsbDtoPTEwMDtweW9mZj0wO3c9MTAwO3NtPTE7YXBwaWQ9eXRhY2h5b24-/http://slingstone.zenfs.com/offnetwork/00221786c5ff3ffb0e0519f0aea0bbc5,GET,200,image/jpeg,,Yahoo,-1,539,382,,1681,2220,,-1,0,0,-1,0,0,0,0,0,3342,723,0,https://my.yahoo.com/,2548,,0,
07/08/2015,09:10:41,-,-,40,s.yimg.com,,/uu/api/res/1.2/OmevqtHJYmeIBWtr9fQexw--/Zmk9ZmlsbDtoPTEwMDtweW9mZj0wO3c9MTAwO3NtPTE7YXBwaWQ9eXRhY2h5b24-/http://media.zenfs.com/en_us/News/afp.com/7b6ce276879fda863fd13f330da6a38f09d166b4.jpg,GET,200,image/jpeg,,Yahoo,-1,540,394,,1681,2221,,-1,0,0,-1,0,0,0,0,0,3279,753,0,https://my.yahoo.com/,2578,,0,
07/08/2015,09:10:41,-,-,41,s.yimg.com,,/lo/api/res/1.2/0LzhabM4rT4xLaeCO1ROsg--/YXBwaWQ9eW15O2ZpPWZpbGw7aD04Mjt3PTgy/http://l1.yimg.com/bt/api/res/1.2/Cm9E8EyiubZf3XnOozWhPw--/YXBwaWQ9eW5ld3M7Zmk9ZmlsbDtoPTg2O3E9NzU7dz0xMzA-/http://globalfinance.zenfs.com/images/US_AHTTP_REUTERS_OLUSBUS_WRAPPER_H_LIVE_NEW/2015-07-08T044334Z_2_LYNXNPEB6703X_RTROPTP_3_CHINA-STOCKS_original.jpg,GET,200,image/jpeg,,Yahoo,-1,539,394,,1682,2221,,-1,0,0,-1,0,0,0,0,0,3395,1045,0,https://my.yahoo.com/,2623,,0,
07/08/2015,09:10:41,-,-,42,s.yimg.com,,/lo/api/res/1.2/Oh3r2RfC7qwGaW0LzN5ufA--/YXBwaWQ9eW15O2ZpPWZpbGw7aD04Mjt3PTgy/http://l3.yimg.com/bt/api/res/1.2/8qksTPf_lyvrX.vz6VDt2A--/YXBwaWQ9eW5ld3M7Zmk9ZmlsbDtoPTg2O3E9NzU7dz0xMzA-/http://media.zenfs.com/en_us/News/ap_webfeeds/10d451ae6aa1901e7b0f6a70670090a8.jpg,GET,200,image/jpeg,,Yahoo,-1,542,416,,1682,2224,,-1,0,0,-1,0,0,0,0,0,6351,905,0,https://my.yahoo.com/,2942,,0,
07/08/2015,09:10:41,-,-,43,s.yimg.com,,/lo/api/res/1.2/Dm5iDxd4ZmiSFUXSy5MOWQ--/YXBwaWQ9eW15O2ZpPWZpbGw7aD04Mjt3PTgy/http://l3.yimg.com/bt/api/res/1.2/NzAWlqEBwxPG886nJFGm7g--/YXBwaWQ9eW5ld3M7Zmk9ZmlsbDtoPTg2O3E9NzU7dz0xMzA-/http://media.zenfs.com/en_us/News/ap_webfeeds/1ad8b91e1cc3751e7b0f6a706700eb14.jpg,GET,200,image/jpeg,,Yahoo,-1,916,454,,1683,2599,,-1,0,0,-1,0,0,0,0,0,2929,905,0,https://my.yahoo.com/,2955,,0,
07/08/2015,09:10:41,-,-,44,s.yimg.com,,/g/images/spaceball.gif,GET,200,image/gif,,Yahoo,-1,915,453,,1684,2599,,-1,0,0,-1,0,0,0,0,0,274,415,0,https://my.yahoo.com/,2985,"Mon, 28 Jul 2014 23:30:00 GMT",0,
07/08/2015,09:10:41,-,-,45,s.yimg.com,,/dh/ap/default/130122/flickr_x2.png,GET,200,image/png,,Yahoo,-1,915,453,,1684,2599,,-1,0,0,-1,0,0,0,0,0,724,439,0,https://my.yahoo.com/,3093,"Sat, 05 Sep 2026 00:00:00 GMT",0,
07/08/2015,09:10:41,-,-,46,s.yimg.com,,/rz/l/yahoo_my_en-US_f_pw_137x21.png,GET,200,image/png,,Yahoo,-1,797,342,,1802,2599,,-1,0,0,-1,0,0,0,0,0,3382,441,0,https://my.yahoo.com/,157,"Wed, 08 Jul 2015 23:05:42 GMT",0,
07/08/2015,09:10:41,-,-,47,s.yimg.com,,/os/uh-icons/0.1.16/uh/fonts/uh.woff2?,GET,200,application/octet-stream,,Yahoo,-1,199,94,,1892,2091,,-1,0,0,-1,1797,1891,1746,1797,0,3218,458,0,https://my.yahoo.com/,154,"Sat, 31 May 2025 17:27:47 GMT",0,
07/08/2015,09:10:41,-,-,48,s.yimg.com,,/os/stencil/2.0.25/f/yglyphs.woff,GET,200,application/font-woff,,Yahoo,-1,312,86,,1910,2222,,-1,0,0,-1,0,0,0,0,0,19682,607,0,https://my.yahoo.com/,2247,"Fri, 02 Jul 2032 21:30:07 GMT",0,
07/08/2015,09:10:41,-,-,49,s.yimg.com,,/zz/combo?yui:3.12.0/app-transitions-css/app-transitions-css-min.css,GET,200,text/css,gzip,Yahoo,-1,110,35,,2594,2704,,-1,0,0,-1,0,0,0,0,0,626,503,0,https://s.yimg.com/zz/combo?yui:/3.12.0/yui/yui-min.js&/os/mit/td/asset-loader-s-f66c53f0.js&/ss/rapid-3.26.1.js,12,"Sat, 05 Sep 2026 00:00:00 GMT",0,
07/08/2015,09:10:41,-,-,50,s.yimg.com,,/rq/darla/2-8-9/html/r-csc.html,GET,200,text/html,gzip,Yahoo,-1,140,46,,2646,2786,,-1,0,0,-1,0,0,0,0,0,1339,485,0,https://s.yimg.com/rq/darla/2-8-9/js/g-r-min.js,1,"Thu, 09 Jul 2015 04:46:32 GMT",0,
07/08/2015,09:10:41,-,-,51,s.yimg.com,,/rq/darla/2-8-9/html/r-sf.html,GET,200,text/html,gzip,Yahoo,-1,118,32,,2689,2807,,-1,0,0,-1,0,0,0,0,0,742,483,0,https://s.yimg.com/rq/darla/2-8-9/js/g-r-min.js,1,"Wed, 08 Jul 2015 16:17:58 GMT",0,
07/08/2015,09:10:41,-,-,52,s.yimg.com,,/lq/lib/3pm/cs_0.2.js,GET,200,application/javascript,gzip,Yahoo,-1,98,34,,2710,2808,,-1,0,0,-1,0,0,0,0,0,1116,394,0,https://my.yahoo.com/,3864,"Mon, 30 Jun 2025 19:24:03 GMT",0,
07/08/2015,09:10:41,-,-,53,s.yimg.com,,/zz/combo?yui:3.12.0/oop/oop-min.js&yui:3.12.0/event-custom-base/event-custom-base-min.js&yui:3.12.0/dom-core/dom-core-min.js&yui:3.12.0/dom-base/dom-base-min.js&yui:3.12.0/selector-native/selector-native-min.js&yui:3.12.0/selector/selector-min.js&yui:3.12.0/node-core/node-core-min.js&yui:3.12.0/color-base/color-base-min.js&yui:3.12.0/dom-style/dom-style-min.js&yui:3.12.0/node-base/node-base-min.js&yui:3.12.0/event-base/event-base-min.js&yui:3.12.0/event-delegate/event-delegate-min.js&yui:3.12.0/node-event-delegate/node-event-delegate-min.js&yui:3.12.0/pluginhost-base/pluginhost-base-min.js&yui:3.12.0/pluginhost-config/pluginhost-config-min.js&yui:3.12.0/node-pluginhost/node-pluginhost-min.js&yui:3.12.0/dom-screen/dom-screen-min.js&yui:3.12.0/node-screen/node-screen-min.js&yui:3.12.0/node-style/node-style-min.js&yui:3.12.0/event-custom-complex/event-custom-complex-min.js&yui:3.12.0/attribute-core/attribute-core-min.js&yui:3.12.0/attribute-observable/attribute-observable-min.js&yui:3.12.0/attribute-extras/attribute-extras-min.js&yui:3.12.0/attribute-base/attribute-base-min.js&yui:3.12.0/base-core/base-core-min.js&yui:3.12.0/base-observable/base-observable-min.js&yui:3.12.0/base-base/base-base-min.js&yui:3.12.0/base-pluginhost/base-pluginhost-min.js&yui:3.12.0/base-build/base-build-min.js&yui:3.12.0/querystring-stringify-simple/querystring-stringify-simple-min.js&yui:3.12.0/io-base/io-base-min.js&yui:3.12.0/datatype-xml-parse/datatype-xml-parse-min.js&yui:3.12.0/io-xdr/io-xdr-min.js&yui:3.12.0/json-parse/json-parse-min.js&yui:3.12.0/json-stringify/json-stringify-min.js&yui:3.12.0/cookie/cookie-min.js&yui:3.12.0/event-synthetic/event-synthetic-min.js&yui:3.12.0/event-mouseenter/event-mouseenter-min.js&yui:3.12.0/event-focus/event-focus-min.js&yui:3.12.0/event-touch/event-touch-min.js&yui:3.12.0/classnamemanager/classnamemanager-min.js&yui:3.12.0/querystring-stringify/querystring-stringify-min.js&yui:3.12.0/intl/intl-min.js,GET,200,application/javascript,gzip,Yahoo,-1,110,53,,2814,2924,,-1,0,0,-1,0,0,0,0,0,36859,4258,0,https://s.yimg.com/zz/combo?yui:/3.12.0/yui/yui-min.js&/os/mit/td/asset-loader-s-f66c53f0.js&/ss/rapid-3.26.1.js,12,"Sat, 05 Sep 2026 00:00:00 GMT",0,
07/08/2015,09:10:41,-,-,54,s.yimg.com,,/zz/combo?os/mit/td/stencil-3.1.0/stencil/stencil-min.js&os/mit/td/stencil-3.1.0/stencil-base/stencil-base-min.js&os/mit/td/stencil-3.1.0/stencil-toggle/stencil-toggle-min.js&os/mit/td/stencil-3.1.0/stencil-sticker/stencil-sticker-min.js&yui:3.12.0/shim-plugin/shim-plugin-min.js&os/mit/td/stencil-3.1.0/stencil-lightbox/stencil-lightbox-min.js&os/mit/td/stencil-3.1.0/stencil-bquery/stencil-bquery-min.js&yui:3.12.0/transition/transition-min.js&yui:3.12.0/querystring-parse-simple/querystring-parse-simple-min.js&os/mit/td/ape-af-0.0.318/af-utils/af-utils-min.js&os/mit/td/ape-af-0.0.318/af-trans/af-trans-min.js&os/mit/td/ape-applet-0.0.203/af-applet-dom/af-applet-dom-min.js&os/mit/td/ape-applet-0.0.203/af-applet-action/af-applet-action-min.js&os/mit/td/ape-af-0.0.318/af-bootstrap/af-bootstrap-min.js&os/mit/td/ape-af-0.0.318/af-config/af-config-min.js&os/mit/td/ape-af-0.0.318/af-beacon/af-beacon-min.js&os/mit/td/mjata-0.4.35/mjata-queue/mjata-queue-min.js&os/mit/td/mjata-0.4.35/mjata-util/mjata-util-min.js&os/mit/td/mjata-0.4.35/mjata-store/mjata-store-min.js&os/mit/td/mjata-0.4.35/mjata-rest-http/mjata-rest-http-min.js&os/mit/td/ape-af-0.0.318/tdapi-remotestore/tdapi-remotestore-min.js&os/mit/td/ape-af-0.0.318/af-transport/af-transport-min.js&os/mit/td/ape-af-0.0.318/af-sync/af-sync-min.js&os/mit/td/mjata-0.4.35/mjata-json/mjata-json-min.js&yui:3.12.0/escape/escape-min.js&yui:3.12.0/model/model-min.js&os/mit/td/ape-applet-0.0.203/af-applet-model/af-applet-model-min.js&os/mit/td/ape-applet-0.0.203/ape-applet-lang-strings_en-us/ape-applet-lang-strings_en-us-min.js&yui:3.12.0/array-extras/array-extras-min.js&os/mit/td/stencil-3.1.0/stencil-imageloader/stencil-imageloader-min.js&os/mit/td/dust-helpers-0.0.142/moment/moment-min.js&os/mit/td/dust-helpers-0.0.142/intl-messageformat/intl-messageformat-min.js&os/mit/td/dust-helpers-0.0.142/dust-helper-intl/dust-helper-intl-min.js&os/mit/td/dust-helpers-0.0.142/intl-helper/intl-helper-min.js,GET,200,application/javascript,gzip,Yahoo,-1,167,101,,2827,2994,,-1,0,0,-1,0,0,0,0,0,41018,4272,0,https://s.yimg.com/zz/combo?yui:/3.12.0/yui/yui-min.js&/os/mit/td/asset-loader-s-f66c53f0.js&/ss/rapid-3.26.1.js,12,"Sat, 21 Feb 2032 05:39:31 GMT",0,
07/08/2015,09:10:41,-,-,55,s.yimg.com,,/zz/combo?os/mit/td/dust-helpers-0.0.142/dust/dust-min.js&yui:3.12.0/view/view-min.js&os/mit/td/ape-applet-0.0.203/af-applet-view/af-applet-view-min.js&os/mit/td/stencil-3.1.0/stencil-selectbox/stencil-selectbox-min.js&os/mit/td/ape-applet-0.0.203/af-applet-headerview/af-applet-headerview-min.js&yui:3.12.0/parallel/parallel-min.js&os/mit/td/ape-af-0.0.318/af-compositeview/af-compositeview-min.js&os/mit/td/stencil-3.1.0/stencil-source/stencil-source-min.js&os/mit/td/stencil-3.1.0/stencil-tooltip/stencil-tooltip-min.js&os/mit/td/ape-applet-0.0.203/af-applet/af-applet-min.js&os/mit/td/ape-applet-0.0.203/af-applet-init/af-applet-init-min.js&yui:3.12.0/template-base/template-base-min.js&os/mit/td/ape-af-0.0.318/ape-af-templates-message/ape-af-templates-message-min.js&yui:3.12.0/selector-css2/selector-css2-min.js&yui:3.12.0/selector-css3/selector-css3-min.js&os/mit/td/ape-af-0.0.318/af-message/af-message-min.js&os/mit/td/ape-af-0.0.318/ape-af-lang-strings_en-us/ape-af-lang-strings_en-us-min.js&os/mit/td/ape-applet-0.0.203/ape-applet-templates-reload/ape-applet-templates-reload-min.js&os/mit/td/ape-applet-0.0.203/af-applet-load/af-applet-load-min.js&os/mit/td/ape-af-0.0.318/af-dom/af-dom-min.js&os/mit/td/ape-af-0.0.318/af-content/af-content-min.js&os/mit/td/ape-applet-0.0.203/af-applet-mgr/af-applet-mgr-min.js&os/mit/td/ape-applet-0.0.203/af-applet-savesettings/af-applet-savesettings-min.js&os/mit/td/ape-applet-0.0.203/af-applet-viewmgr/af-applet-viewmgr-min.js&os/mit/td/ape-applet-0.0.203/af-applets/af-applets-min.js&yui:3.12.0/history-base/history-base-min.js&yui:3.12.0/history-html5/history-html5-min.js&yui:3.12.0/history-hash/history-hash-min.js&yui:3.12.0/history-hash-ie/history-hash-ie-min.js&yui:3.12.0/router/router-min.js&yui:3.12.0/pjax-base/pjax-base-min.js&yui:3.12.0/app-base/app-base-min.js&yui:3.12.0/pjax-content/pjax-content-min.js&yui:3.12.0/app-content/app-content-min.js&yui:3.12.0/app-transitions/app-transitions-min.js,GET,200,application/javascript,gzip,Yahoo,-1,252,166,,2833,3085,,-1,0,0,-1,0,0,0,0,0,32674,4276,0,https://s.yimg.com/zz/combo?yui:/3.12.0/yui/yui-min.js&/os/mit/td/asset-loader-s-f66c53f0.js&/ss/rapid-3.26.1.js,12,"Sat, 13 Mar 2032 00:35:34 GMT",0,
07/08/2015,09:10:41,-,-,56,s.yimg.com,,/zz/combo?yui:3.12.0/app-transitions-native/app-transitions-native-min.js&yui:3.12.0/array-invoke/array-invoke-min.js&yui:3.12.0/arraylist/arraylist-min.js&yui:3.12.0/model-list/model-list-min.js&yui:3.12.0/lazy-model-list/lazy-model-list-min.js&yui:3.12.0/model-sync-rest/model-sync-rest-min.js&yui:3.12.0/view-node-map/view-node-map-min.js&os/mit/td/ape-af-0.0.318/media-rapid-tracking/media-rapid-tracking-min.js&os/mit/td/ape-af-0.0.318/af-rapid/af-rapid-min.js&os/mit/td/ape-af-0.0.318/media-agof-tracking/media-agof-tracking-min.js&os/mit/td/ape-af-0.0.318/af-eu-tracking/af-eu-tracking-min.js&/nn/lib/metro/g/myy/myy_0.0.37.js&/nn/lib/metro/g/myy/af_applet_baseview_0.0.2.js&/nn/lib/metro/g/myy/af_applet_contentview_0.0.2.js&os/mit/td/ape-applet-0.0.203/ape-applet-templates-settingswrap/ape-applet-templates-settingswrap-min.js&/nn/lib/metro/g/myy/af_applet_contentsettingsview_0.0.2.js&/nn/lib/metro/g/myymail/myymail-mainview_0.0.22.js&yui:3.12.0/timers/timers-min.js&yui:3.12.0/promise/promise-min.js&os/mit/td/mjata-0.4.35/mjata-model-store/mjata-model-store-min.js&os/mit/td/mjata-0.4.35/mjata-model/mjata-model-min.js&os/mit/td/mjata-0.4.35/mjata-modellist/mjata-modellist-min.js&os/mit/td/mjata-0.4.35/mjata-model-base/mjata-model-base-min.js&/nn/lib/metro/g/myy/af_applet_basemodel_0.0.2.js&/nn/lib/metro/g/myy/af_applet_contentmodel_0.0.2.js&/nn/lib/metro/g/myymail/myymail-appletmodel_0.0.15.js&/nn/lib/metro/g/myyrss/myyrss_0.0.11.js&/nn/lib/metro/g/events/events_0.0.2.js&/nn/lib/metro/g/myy/af_applet_dd_0.0.3.js&yui:3.12.0/async-queue/async-queue-min.js&yui:3.12.0/event-key/event-key-min.js&yui:3.12.0/attribute-complex/attribute-complex-min.js&yui:3.12.0/plugin/plugin-min.js&yui:3.12.0/event-simulate/event-simulate-min.js&yui:3.12.0/gesture-simulate/gesture-simulate-min.js&yui:3.12.0/node-event-simulate/node-event-simulate-min.js&yui:3.12.0/node-focusmanager/node-focusmanager-min.js&yui:3.12.0/io-form/io-form-min.js,GET,200,application/javascript,gzip,Yahoo,-1,265,218,,2833,3098,,-1,0,0,-1,0,0,0,0,0,28503,4244,0,https://s.yimg.com/zz/combo?yui:/3.12.0/yui/yui-min.js&/os/mit/td/asset-loader-s-f66c53f0.js&/ss/rapid-3.26.1.js,12,"Sat, 05 Sep 2026 00:00:00 GMT",0,
07/08/2015,09:10:41,-,-,57,s.yimg.com,,/zz/combo?yui:3.12.0/io-upload-iframe/io-upload-iframe-min.js&yui:3.12.0/queue-promote/queue-promote-min.js&yui:3.12.0/io-queue/io-queue-min.js&yui:3.12.0/jsonp/jsonp-min.js&yui:3.12.0/jsonp-url/jsonp-url-min.js&yui:3.12.0/event-mousewheel/event-mousewheel-min.js&yui:3.12.0/event-resize/event-resize-min.js&yui:3.12.0/event-hover/event-hover-min.js&yui:3.12.0/event-outside/event-outside-min.js&yui:3.12.0/event-move/event-move-min.js&yui:3.12.0/event-flick/event-flick-min.js&yui:3.12.0/event-valuechange/event-valuechange-min.js&yui:3.12.0/event-tap/event-tap-min.js&yui:3.12.0/substitute/substitute-min.js&yui:3.12.0/yql/yql-min.js&/nn/lib/metro/g/myyheader/uh_init_0.0.12.js&/nn/lib/metro/g/signoutcta/signoutcta_0.0.8.js&yui:3.12.0/yql-jsonp/yql-jsonp-min.js,GET,200,application/javascript,gzip,Yahoo,-1,294,290,,2833,3127,,-1,0,0,-1,0,0,0,0,0,8338,1880,0,https://s.yimg.com/zz/combo?yui:/3.12.0/yui/yui-min.js&/os/mit/td/asset-loader-s-f66c53f0.js&/ss/rapid-3.26.1.js,12,"Sat, 05 Sep 2026 00:00:00 GMT",0,
07/08/2015,09:10:41,-,-,58,s.yimg.com,,/rq/darla/2-8-9/js/sfext-min.js,GET,200,application/x-javascript,gzip,Yahoo,-1,600,272,,2854,3454,,-1,0,0,-1,0,0,0,0,0,28667,441,0,https://s.yimg.com/rq/darla/2-8-9/html/r-sf.html,33,"Thu, 09 Jul 2015 07:48:07 GMT",0,
07/08/2015,09:10:41,tracker,ScoreCard Research Beacon,59,sb.scorecardresearch.com,,/p?c1=2&c2=7241469&c5=150002829&c7=https%3A%2F%2Fmy.yahoo.com%2F&ns__t=1436346644579&ns_c=UTF-8,GET,302,,,Akamai,-1,241,38,,3214,3455,,-1,2838,3031,-1,3127,3214,3031,3127,0,631,424,0,https://my.yahoo.com/,1,"Mon, 01 Jan 1990 00:00:00 GMT",0,
07/08/2015,09:10:41,-,-,60,csc.beap.bc.yahoo.com,,"/yi?bv=1.0.0&bs=(135i5rlb4(gid$w4l88TY4LjEjW9l1VZzpFALwOTMuMVWc6RQQOPNM,st$1436346644348382,si$4463551,sp$150002829,pv$0,v$2.0))&t=J_3-D_3&al=(as$13acep2dr,aid$5ltfR2KLDy0-,bi$2216007551,agp$3390223551,cr$4354507051,ct$25,at$H,eob$gd1_match_id=-1:ypos=LREC)&s=0&r=0.511401989730075",GET,200,image/gif,,,-1,105,62,,3352,3457,,-1,2867,3156,-1,3215,3352,3156,3215,0,436,669,0,https://my.yahoo.com/,1,,0,
07/08/2015,09:10:41,-,-,61,s.yimg.com,,/zz/combo?os/mit/td/td-applet-weather-0.1.627/td-applet-weather-appletmodel/td-applet-weather-appletmodel-min.js&os/mit/td/td-applet-weather-0.1.627/td-applet-weather-model/td-applet-weather-model-min.js&os/mit/td/stencil-3.1.0/stencil-fx/stencil-fx-min.js&os/mit/td/stencil-3.1.0/stencil-fx-collapse/stencil-fx-collapse-min.js&os/mit/td/td-applet-weather-0.1.627/td-applet-weather-mainview/td-applet-weather-mainview-min.js&os/mit/td/td-applet-weather-0.1.627/td-applet-weather-headerview/td-applet-weather-headerview-min.js&os/mit/td/td-applet-weather-0.1.627/td-applet-weather-templates-main/td-applet-weather-templates-main-min.js&os/mit/td/td-applet-scores-0.0.518/td-scores-model/td-scores-model-min.js&os/mit/td/td-applet-scores-0.0.518/td-scores-modellist/td-scores-modellist-min.js&os/mit/td/ape-af-0.0.318/af-pageviz/af-pageviz-min.js&os/mit/td/ape-af-0.0.318/af-poll/af-poll-min.js&os/mit/td/mjata-0.4.35/mjata-template/mjata-template-min.js&os/mit/td/mjata-0.4.35/mjata-bind-model2dom/mjata-bind-model2dom-min.js&os/mit/td/mjata-0.4.35/mjata-binder/mjata-binder-min.js&os/mit/td/td-applet-scores-0.0.518/td-applet-scores-templates-score/td-applet-scores-templates-score-min.js&os/mit/td/td-applet-scores-0.0.518/td-scores-mainview/td-scores-mainview-min.js&os/mit/td/td-applet-scores-0.0.518/td-scores-footerview/td-scores-footerview-min.js&os/mit/td/td-applet-scores-0.0.518/td-scores-headerview/td-scores-headerview-min.js&os/mit/td/td-applet-scores-0.0.518/td-applet-scores-templates-header/td-applet-scores-templates-header-min.js&os/mit/td/td-applet-scores-0.0.518/td-applet-scores-templates-main.scorethin/td-applet-scores-templates-main.scorethin-min.js&os/mit/td/td-applet-scores-0.0.518/td-applet-scores-templates-footer/td-applet-scores-templates-footer-min.js&os/mit/td/td-applet-scores-0.0.518/td-applet-scores-templates-settings/td-applet-scores-templates-settings-min.js,GET,200,application/javascript,gzip,Yahoo,-1,77,51,,3452,3529,,-1,0,0,-1,0,0,0,0,0,17431,4144,0,https://s.yimg.com/zz/combo?yui:/3.12.0/yui/yui-min.js&/os/mit/td/asset-loader-s-f66c53f0.js&/ss/rapid-3.26.1.js,12,"Mon, 05 Apr 2032 22:38:29 GMT",0,
07/08/2015,09:10:41,-,-,62,s.yimg.com,,/zz/combo?os/mit/td/td-applet-stream-0.0.1176/td-applet-stream-model/td-applet-stream-model-min.js&os/mit/td/td-applet-stream-0.0.1176/td-applet-stream-items-model/td-applet-stream-items-model-min.js&os/mit/td/ape-af-0.0.318/af-event/af-event-min.js&os/mit/td/td-applet-stream-0.0.1176/td-applet-stream-appletmodel/td-applet-stream-appletmodel-min.js&os/mit/td/ape-af-0.0.318/af-comscore/af-comscore-min.js&os/mit/td/ape-af-0.0.318/af-cookie/af-cookie-min.js&os/mit/td/ape-af-0.0.318/gallery-storage-lite/gallery-storage-lite-min.js&os/mit/td/ape-af-0.0.318/af-cache/af-cache-min.js&os/mit/td/ape-af-0.0.318/af-history/af-history-min.js&yui:3.12.0/node-scroll-info/node-scroll-info-min.js&os/mit/td/stencil-3.1.0/stencil-gallery/stencil-gallery-min.js&os/mit/td/td-applet-stream-0.0.1176/td-applet-stream-mainview/td-applet-stream-mainview-min.js&os/mit/td/mjata-0.4.35/mjata-lazy-modellist/mjata-lazy-modellist-min.js&os/mit/td/ape-location-1.0.8/af-locations/af-locations-min.js&os/mit/td/ape-location-1.0.8/ape-location-templates-location-list/ape-location-templates-location-list-min.js&os/mit/td/ape-location-1.0.8/ape-location-templates-location-panel/ape-location-templates-location-panel-min.js&os/mit/td/ape-location-1.0.8/af-location-panel/af-location-panel-min.js&os/mit/td/ape-location-1.0.8/ape-location-lang-strings_en-us/ape-location-lang-strings_en-us-min.js&os/mit/td/td-applet-stream-0.0.1176/td-applet-stream-headerview/td-applet-stream-headerview-min.js&os/mit/td/td-applet-stream-0.0.1176/td-applet-stream-templates-errormsg/td-applet-stream-templates-errormsg-min.js&os/mit/td/td-applet-stream-0.0.1176/td-applet-stream-templates-main/td-applet-stream-templates-main-min.js&os/mit/td/td-applet-stream-0.0.1176/td-applet-stream-templates-settings/td-applet-stream-templates-settings-min.js&os/mit/td/td-applet-stream-0.0.1176/td-applet-stream-templates-lastvisit/td-applet-stream-templates-lastvisit-min.js,GET,200,application/javascript,gzip,Yahoo,-1,118,76,,3454,3572,,-1,0,0,-1,0,0,0,0,0,26472,4206,0,https://s.yimg.com/zz/combo?yui:/3.12.0/yui/yui-min.js&/os/mit/td/asset-loader-s-f66c53f0.js&/ss/rapid-3.26.1.js,12,"Mon, 05 Apr 2032 04:18:54 GMT",0,
07/08/2015,09:10:41,-,-,63,s.yimg.com,,/zz/combo?os/mit/td/td-applet-stream-0.0.1176/td-applet-stream-templates-items/td-applet-stream-templates-items-min.js&os/mit/td/td-applet-stream-0.0.1176/td-applet-stream-templates-item-default/td-applet-stream-templates-item-default-min.js&os/mit/td/td-applet-stream-0.0.1176/td-applet-stream-templates-item-ad/td-applet-stream-templates-item-ad-min.js&os/mit/td/td-applet-stream-0.0.1176/td-applet-stream-templates-item-featured_ad/td-applet-stream-templates-item-featured_ad-min.js&os/mit/td/td-applet-stream-0.0.1176/td-applet-stream-templates-item-featured_mobile_ad/td-applet-stream-templates-item-featured_mobile_ad-min.js&os/mit/td/td-applet-stream-0.0.1176/td-applet-stream-templates-item-play_icon/td-applet-stream-templates-item-play_icon-min.js&os/mit/td/td-applet-stream-0.0.1176/td-applet-stream-templates-item-attribution/td-applet-stream-templates-item-attribution-min.js&os/mit/td/td-applet-stream-0.0.1176/td-applet-stream-templates-item-inline_video/td-applet-stream-templates-item-inline_video-min.js&os/mit/td/td-applet-mail-0.1.168/td-applet-mail-model/td-applet-mail-model-min.js&os/mit/td/td-applet-mail-0.1.168/td-applet-message-model/td-applet-message-model-min.js&os/mit/td/td-applet-mail-0.1.168/td-applet-message-modellist/td-applet-message-modellist-min.js&os/mit/td/td-applet-mail-0.1.168/td-applet-mail-mainview/td-applet-mail-mainview-min.js&os/mit/td/td-applet-mail-0.1.168/td-applet-mail-googleauthview/td-applet-mail-googleauthview-min.js&os/mit/td/td-applet-mail-0.1.168/td-applet-mail-headerview/td-applet-mail-headerview-min.js&os/mit/td/td-applet-mail-0.1.168/td-applet-mail-footerview/td-applet-mail-footerview-min.js&os/mit/td/td-applet-mail-0.1.168/td-applet-mail-settingsview/td-applet-mail-settingsview-min.js&os/mit/td/td-applet-mail-0.1.168/td-applet-mail-templates-main/td-applet-mail-templates-main-min.js&os/mit/td/td-applet-mail-0.1.168/td-applet-mail-templates-googleauth/td-applet-mail-templates-googleauth-min.js,GET,200,application/javascript,gzip,Yahoo,-1,140,123,,3455,3595,,-1,0,0,-1,0,0,0,0,0,12200,4286,0,https://s.yimg.com/zz/combo?yui:/3.12.0/yui/yui-min.js&/os/mit/td/asset-loader-s-f66c53f0.js&/ss/rapid-3.26.1.js,12,"Mon, 05 Apr 2032 17:43:21 GMT",0,
07/08/2015,09:10:41,-,-,64,s.yimg.com,,/zz/combo?os/mit/td/td-applet-mail-0.1.168/td-applet-mail-templates-header/td-applet-mail-templates-header-min.js&os/mit/td/td-applet-mail-0.1.168/td-applet-mail-templates-footer/td-applet-mail-templates-footer-min.js&os/mit/td/td-applet-mail-0.1.168/td-applet-mail-templates-settings/td-applet-mail-templates-settings-min.js&os/mit/td/td-applet-portfolios-0.1.483/td-applet-portfolios-appletmodel/td-applet-portfolios-appletmodel-min.js&os/mit/td/td-applet-portfolios-0.1.483/td-applet-portfolios-model/td-applet-portfolios-model-min.js&os/mit/td/td-applet-portfolios-0.1.483/td-applet-portfolios-marketmovers/td-applet-portfolios-marketmovers-min.js&os/mit/td/td-applet-portfolios-0.1.483/td-applet-portfolios-defaultmarkets/td-applet-portfolios-defaultmarkets-min.js&os/mit/td/td-applet-portfolios-0.1.483/fin-rapid/fin-rapid-min.js&os/mit/td/td-applet-portfolios-0.1.483/td-applet-portfolios-templates-allportfolios/td-applet-portfolios-templates-allportfolios-min.js&os/mit/td/td-applet-portfolios-0.1.483/td-applet-portfolios-mainview/td-applet-portfolios-mainview-min.js&os/mit/td/td-applet-portfolios-0.1.483/td-applet-portfolios-homepage-headerview/td-applet-portfolios-homepage-headerview-min.js&os/mit/td/td-applet-portfolios-0.1.483/td-applet-portfolios-hpfooterview/td-applet-portfolios-hpfooterview-min.js&os/mit/td/td-applet-portfolios-0.1.483/td-applet-portfolios-templates-main/td-applet-portfolios-templates-main-min.js&os/mit/td/td-applet-portfolios-0.1.483/td-applet-portfolios-templates-portfolio/td-applet-portfolios-templates-portfolio-min.js&os/mit/td/td-applet-portfolios-0.1.483/td-applet-portfolios-templates-marketmovers/td-applet-portfolios-templates-marketmovers-min.js&os/mit/td/td-applet-portfolios-0.1.483/td-applet-portfolios-templates-header/td-applet-portfolios-templates-header-min.js&os/mit/td/td-applet-portfolios-0.1.483/td-applet-portfolios-templates-hpfooter/td-applet-portfolios-templates-hpfooter-min.js,GET,200,application/javascript,gzip,Yahoo,-1,155,144,,3456,3611,,-1,0,0,-1,0,0,0,0,0,9189,4246,0,https://s.yimg.com/zz/combo?yui:/3.12.0/yui/yui-min.js&/os/mit/td/asset-loader-s-f66c53f0.js&/ss/rapid-3.26.1.js,12,"Mon, 15 Mar 2032 01:47:58 GMT",0,
07/08/2015,09:10:41,-,-,65,s.yimg.com,,/zz/combo?os/mit/td/td-applet-portfolios-0.1.483/td-applet-portfolios-templates-defaultMarkets/td-applet-portfolios-templates-defaultMarkets-min.js&os/mit/td/td-applet-flickr-0.0.343/flickr-collection/flickr-collection-min.js&os/mit/td/td-applet-flickr-0.0.343/flickr-collections/flickr-collections-min.js&os/mit/td/td-applet-flickr-0.0.343/td-applet-flickr-model/td-applet-flickr-model-min.js&os/mit/td/td-applet-flickr-0.0.343/td-applet-flickr-mainview/td-applet-flickr-mainview-min.js&os/mit/td/td-applet-flickr-0.0.343/td-applet-flickr-templates-main/td-applet-flickr-templates-main-min.js&os/mit/td/td-applet-games-0.1.201/td-games-model/td-games-model-min.js&os/mit/td/stencil-3.1.0/stencil-carousel/stencil-carousel-min.js&yui:3.12.0/stylesheet/stylesheet-min.js&os/mit/td/td-applet-games-0.1.201/td-games-mainview/td-games-mainview-min.js&os/mit/td/td-applet-games-0.1.201/td-applet-games-templates-ratings/td-applet-games-templates-ratings-min.js&os/mit/td/td-applet-games-0.1.201/td-applet-games-templates-footer/td-applet-games-templates-footer-min.js&os/mit/td/td-applet-games-0.1.201/td-applet-games-templates-main/td-applet-games-templates-main-min.js&os/mit/td/td-applet-astro-0.0.257/td-applet-astro-model/td-applet-astro-model-min.js&os/mit/td/td-applet-astro-0.0.257/td-applet-astro-appletmodel/td-applet-astro-appletmodel-min.js&os/mit/td/td-applet-astro-0.0.257/td-applet-astro-listview/td-applet-astro-listview-min.js&os/mit/td/td-applet-astro-0.0.257/td-applet-astro-signview/td-applet-astro-signview-min.js&os/mit/td/td-applet-astro-0.0.257/td-applet-astro-signheaderview/td-applet-astro-signheaderview-min.js&os/mit/td/td-applet-astro-0.0.257/td-applet-astro-signfooterview/td-applet-astro-signfooterview-min.js&os/mit/td/td-applet-astro-0.0.257/td-applet-astro-templates-header/td-applet-astro-templates-header-min.js&os/mit/td/td-applet-astro-0.0.257/td-applet-astro-templates-main/td-applet-astro-templates-main-min.js,GET,200,application/javascript,gzip,Yahoo,-1,209,184,,3457,3666,,-1,0,0,-1,0,0,0,0,0,12318,4242,0,https://s.yimg.com/zz/combo?yui:/3.12.0/yui/yui-min.js&/os/mit/td/asset-loader-s-f66c53f0.js&/ss/rapid-3.26.1.js,12,"Sun, 04 Apr 2032 20:37:22 GMT",0,
07/08/2015,09:10:41,-,-,66,s.yimg.com,,/zz/combo?os/mit/td/td-applet-astro-0.0.257/td-applet-astro-templates-list/td-applet-astro-templates-list-min.js&os/mit/td/td-applet-comics-0.0.256/td-applet-comics-templates-main/td-applet-comics-templates-main-min.js&os/mit/td/td-applet-comics-0.0.256/td-comics-listview/td-comics-listview-min.js&os/mit/td/td-applet-localnews-0.1.240/td-localnews-model/td-localnews-model-min.js&os/mit/td/td-applet-localnews-0.1.240/td-applet-localnews-mainview/td-applet-localnews-mainview-min.js&os/mit/td/td-applet-localnews-0.1.240/td-applet-localnews-headerview/td-applet-localnews-headerview-min.js&os/mit/td/td-applet-localnews-0.1.240/td-applet-localnews-templates-errormsg/td-applet-localnews-templates-errormsg-min.js&os/mit/td/td-applet-localnews-0.1.240/td-applet-localnews-templates-main/td-applet-localnews-templates-main-min.js&os/mit/td/td-applet-localnews-0.1.240/td-applet-localnews-templates-settings/td-applet-localnews-templates-settings-min.js&os/mit/td/td-applet-localnews-0.1.240/td-applet-localnews-templates-items/td-applet-localnews-templates-items-min.js&os/mit/td/td-applet-localnews-0.1.240/td-applet-localnews-templates-preview/td-applet-localnews-templates-preview-min.js,GET,200,application/javascript,gzip,Yahoo,-1,209,182,,3459,3668,,-1,0,0,-1,0,0,0,0,0,9297,2732,0,https://s.yimg.com/zz/combo?yui:/3.12.0/yui/yui-min.js&/os/mit/td/asset-loader-s-f66c53f0.js&/ss/rapid-3.26.1.js,12,"Sat, 27 Mar 2032 07:31:18 GMT",0,
07/08/2015,09:10:41,tracker,ScoreCard Research Beacon,67,sb.scorecardresearch.com,,/p2?c1=2&c2=7241469&c5=150002829&c7=https%3A%2F%2Fmy.yahoo.com%2F&ns__t=1436346644579&ns_c=UTF-8,GET,200,image/gif,,Akamai,-1,202,174,,3462,3664,,-1,0,0,-1,0,0,0,0,0,309,489,0,https://my.yahoo.com/,1,"Mon, 01 Jan 1990 00:00:00 GMT",0,
07/08/2015,09:10:41,-,-,68,geo.query.yahoo.com,,/v1/public/yql?yhlVer=2&yhlClient=rapid&yhlS=150002829&yhlCT=2&yhlBTMS=1436346645056&yhlClientVer=3.26.1&yhlRnd=PcoRAzv8nOlzs0lx&yhlCompressed=0,POST,200,text/plain,,,-1,346,144,,3691,4037,,-1,3315,3379,-1,3529,3691,3379,3529,0,1121,595,0,https://s.yimg.com/zz/combo?yui:/3.12.0/yui/yui-min.js&/os/mit/td/asset-loader-s-f66c53f0.js&/ss/rapid-3.26.1.js,144,"Wed, 01 Mar 1995 00:00:00 GMT",0,
07/08/2015,09:10:41,-,-,69,geo.query.yahoo.com,,/v1/public/yql?yhlVer=2&yhlClient=rapid&yhlS=150002829&yhlCT=2&yhlBTMS=1436346645192&yhlClientVer=3.26.1&yhlRnd=p5gLQMsU9e835SLg&yhlCompressed=0,POST,200,text/plain,,,-1,222,141,,3732,3954,,-1,0,0,-1,3590,3728,3451,3590,0,1121,596,0,https://s.yimg.com/zz/combo?yui:/3.12.0/yui/yui-min.js&/os/mit/td/asset-loader-s-f66c53f0.js&/ss/rapid-3.26.1.js,144,"Wed, 01 Mar 1995 00:00:00 GMT",0,
07/08/2015,09:10:41,analytics,Yahoo Analytics,70,y.analytics.yahoo.com,,/fpc.pl?_cb=oKiXYOPfcG96baPq&.ys=150002829&a=1000908234679&b=My%20Yahoo&d=Wed%20Jul%2008%202015%2011%3A10%3A45%20GMT%2B0200%20(W.%20Europe%20Daylight%20Time)&f=https%3A%2F%2Fmy.yahoo.com%2F&j=2560x1440&k=24&t=1436346645&l=true&dpid=3953310589&cf12=us&cf13=1&cf14=999&cf49=ss&cf98=998&cf99=2397&cf102=0,GET,200,application/x-javascript,gzip,,-1,242,160,,3741,3983,,-1,3322,3395,-1,3573,3741,3395,3573,0,725,644,0,https://s.yimg.com/zz/combo?yui:/3.12.0/yui/yui-min.js&/os/mit/td/asset-loader-s-f66c53f0.js&/ss/rapid-3.26.1.js,144,"Wed, 08 Jul 2015 09:10:48 GMT",0,
07/08/2015,09:10:41,ad,Right Media,71,ads.yahoo.com,,/st?ad_type=ad&K=1&ad_size=300x250&site=1140954&section_code=3390223551&cb=1436346644.352046&publisher_blob=${RS}|w4l88TY4LjEjW9l1VZzpFALwOTMuMVWc6RQQOPNM|150002829|LREC|1436346644.352046|2-8-9|ysd|1&yud=smpv%3d3%26ed%3dzxE1dF31xQzMnXQidpJpWNtPOVyg0bJDLmA-&pub_url=https%3A%2F%2Fmy.yahoo.com,GET,200,,gzip,,-1,93,65,,3785,3878,,-1,3504,3646,-1,3703,3785,3646,3703,0,2490,653,0,https://s.yimg.com/rq/darla/2-8-9/js/sfext-min.js,2,"Wed, 08 Jul 2015 09:10:47 GMT",0,
07/08/2015,09:10:41,-,-,72,s.yimg.com,,/zz/combo?os/mit/td/ape-pipe-0.0.62/comet/comet-min.js&os/mit/td/ape-pipe-0.0.62/af-comet/af-comet-min.js&os/mit/td/ape-pipe-0.0.62/af-pipe/af-pipe-min.js,GET,200,application/javascript,gzip,Yahoo,-1,129,36,,3853,3982,,-1,0,0,-1,0,0,0,0,0,8051,660,0,https://s.yimg.com/zz/combo?yui:/3.12.0/yui/yui-min.js&/os/mit/td/asset-loader-s-f66c53f0.js&/ss/rapid-3.26.1.js,12,"Tue, 18 May 2032 15:21:33 GMT",0,
07/08/2015,09:10:41,-,-,73,geo.query.yahoo.com,,/v1/public/yql?yhlVer=2&yhlClient=rapid&yhlS=150002829&yhlCT=2&yhlBTMS=1436346645538&yhlClientVer=3.26.1&yhlRnd=d2wbIRFfSRmW3AtX&yhlCompressed=0,POST,200,text/plain,,,-1,204,154,,3875,4079,,-1,0,0,-1,0,0,0,0,0,1121,596,0,https://s.yimg.com/zz/combo?yui:/3.12.0/yui/yui-min.js&/os/mit/td/asset-loader-s-f66c53f0.js&/ss/rapid-3.26.1.js,144,"Wed, 01 Mar 1995 00:00:00 GMT",0,
07/08/2015,09:10:41,ad,Right Media,74,ads.yahoo.com,,/imp?K=1&Z=300x250&cb=1436346644.352046&u=https%3A%2F%2Fmy.yahoo.com&P=%24%7bRS%7d%7cw4l88TY4LjEjW9l1VZzpFALwOTMuMVWc6RQQOPNM%7c150002829%7cLREC%7c1436346644.352046%7c2-8-9%7cysd%7c1&S=3390223551&i=1140954&D=smpv%3d3%26ed%3dzxE1dF31xQzMnXQidpJpWNtPOVyg0bJDLmA-&_salt=3375469759&B=10&H=&M=3&r=0,GET,200,application/x-javascript,gzip,,-1,292,288,,3887,4179,,-1,0,0,-1,0,0,0,0,0,2543,655,0,https://ads.yahoo.com/st?ad_type=ad&K=1&ad_size=300x250&site=1140954&section_code=3390223551&cb=1436346644.352046&publisher_blob=${RS}|w4l88TY4LjEjW9l1VZzpFALwOTMuMVWc6RQQOPNM|150002829|LREC|1436346644.352046|2-8-9|ysd|1&yud=smpv%3d3%26ed%3dzxE1dF31xQzMnXQidpJpWNtPOVyg0bJDLmA-&pub_url=https%3A%2F%2Fmy.yahoo.com,1,"Wed, 08 Jul 2015 09:10:47 GMT",0,
07/08/2015,09:10:41,-,-,75,my.yahoo.com,,/lib/metro/g/myy/rapidworker_1_2_0.0.2.js,GET,200,application/x-javascript,gzip,,-1,145,56,,3935,4080,,-1,0,0,-1,0,0,0,0,0,7488,507,0,https://s.yimg.com/zz/combo?yui:/3.12.0/yui/yui-min.js&/os/mit/td/asset-loader-s-f66c53f0.js&/ss/rapid-3.26.1.js,144,,0,
07/08/2015,09:10:41,ad,Right Media,76,ads.yahoo.com,,/get-user-id?ver=2&S=3390223551&i=1140954&ts=1436346647&sig=7cd7de0af2113329,GET,200,text/javascript,,,-1,69,65,,4029,4098,,-1,0,0,-1,3954,4028,3887,3954,0,429,438,0,https://ads.yahoo.com/st?ad_type=ad&K=1&ad_size=300x250&site=1140954&section_code=3390223551&cb=1436346644.352046&publisher_blob=${RS}|w4l88TY4LjEjW9l1VZzpFALwOTMuMVWc6RQQOPNM|150002829|LREC|1436346644.352046|2-8-9|ysd|1&yud=smpv%3d3%26ed%3dzxE1dF31xQzMnXQidpJpWNtPOVyg0bJDLmA-&pub_url=https%3A%2F%2Fmy.yahoo.com,1,,0,
07/08/2015,09:10:41,-,-,77,geo.query.yahoo.com,,/v1/public/yql?yhlVer=2&yhlClient=rapid&yhlS=150002829&yhlCT=2&yhlBTMS=1436346645840&yhlClientVer=3.26.1&yhlRnd=aVoGAdM7zfZjdpbp&yhlCompressed=0,POST,200,text/plain,,,-1,615,274,,4098,4713,,-1,0,0,-1,0,0,0,0,0,1130,596,0,https://s.yimg.com/zz/combo?yui:/3.12.0/yui/yui-min.js&/os/mit/td/asset-loader-s-f66c53f0.js&/ss/rapid-3.26.1.js,144,"Wed, 01 Mar 1995 00:00:00 GMT",0,
07/08/2015,09:10:41,-,-,78,geo.query.yahoo.com,,/v1/public/yql?yhlVer=2&yhlClient=rapid&yhlS=150002829&yhlCT=2&yhlBTMS=1436346645887&yhlClientVer=3.26.1&yhlRnd=Jq7XCHvjSnIvdq18&yhlCompressed=3,POST,200,text/plain,,,-1,556,162,,4145,4701,,-1,0,0,-1,0,0,0,0,0,1119,596,0,https://s.yimg.com/zz/combo?yui:/3.12.0/yui/yui-min.js&/os/mit/td/asset-loader-s-f66c53f0.js&/ss/rapid-3.26.1.js,144,"Wed, 01 Mar 1995 00:00:00 GMT",0,
07/08/2015,09:10:41,ad,Right Media,79,ads.yahoo.com,,/rtbs-match?nid=665481&ts=1436346647&sig=df0da5edc11d8aaa,GET,302,text/plain,,,-1,66,64,,4188,4254,,-1,0,0,-1,0,0,0,0,0,568,436,0,https://ads.yahoo.com/imp?K=1&Z=300x250&cb=1436346644.352046&u=https%3A%2F%2Fmy.yahoo.com&P=%24%7bRS%7d%7cw4l88TY4LjEjW9l1VZzpFALwOTMuMVWc6RQQOPNM%7c150002829%7cLREC%7c1436346644.352046%7c2-8-9%7cysd%7c1&S=3390223551&i=1140954&D=smpv%3d3%26ed%3dzxE1dF31xQzMnXQidpJpWNtPOVyg0bJDLmA-&_salt=3375469759&B=10&H=&M=3&r=0,3,,0,
07/08/2015,09:10:41,ad,Right Media,80,ads.yahoo.com,,/rtbs-match?nid=720252&ts=1436346647&sig=921c87ac71c13719,GET,302,text/plain,,,-1,70,67,,4189,4259,,-1,0,0,-1,0,0,0,0,0,599,436,0,https://ads.yahoo.com/imp?K=1&Z=300x250&cb=1436346644.352046&u=https%3A%2F%2Fmy.yahoo.com&P=%24%7bRS%7d%7cw4l88TY4LjEjW9l1VZzpFALwOTMuMVWc6RQQOPNM%7c150002829%7cLREC%7c1436346644.352046%7c2-8-9%7cysd%7c1&S=3390223551&i=1140954&D=smpv%3d3%26ed%3dzxE1dF31xQzMnXQidpJpWNtPOVyg0bJDLmA-&_salt=3375469759&B=10&H=&M=3&r=0,3,,0,
07/08/2015,09:10:41,-,-,81,csync.flickr.com,,/csync?ver=2.1&id=23351&value=26zhcrynccd8x%26o%3d3%26f%3dne&optout=&timeout=1436346644&sig=11gkfsiam,GET,200,text/plain,gzip,,-1,191,173,,4362,4553,,-1,4082,4272,-1,4304,4362,4272,4304,0,394,611,0,https://my.yahoo.com/,1,,0,
07/08/2015,09:10:41,ad,Right Media,82,pr.ybp.yahoo.com,,"/ab/secure/true/imp/I9zXFPOx_f_UK7eVFXIzJz3MVLTq5aW9yQe1puEpwlsMkU-PoiF0zieETwL4GvF9Zvvp6pW2sqi1V1VDwS4Fo9128hXP3G12QSFk6H0t0v0IJsz_EcIKwqWNpwrEDhNiWCd8Ie-2FhL04eH3tMV5k3d9rDj_17mla4YAnn3aPv3JeGlou8G8oqae8YdeiFyzKlzTLPntnZ7TtzoN1JWSRVx96MS0hu8AOuI4SM0vcQVYrVltWFUUNSd3iJeHLA3ItNz589qymmoJ7uH2nDAcGC9FSc2UcK6tH1rxbjjShQJbBAjRRIjljfWbollnqOC8yLEMoKDMgtudR_EfBzavZt6jti4MNwTb67c6fTiGIqVileEBfmxuHJdM0ppxLhdTnH_-f4pPDp9P5Se1tbcdURgs1Y8rZlpRnJmzrVGEVzYK5IvI32R3nN-EAOhkI4Hv3P-lsuSZQ3hES4kx3mvSCW5UePWsdrtXy579RrkJ0z2W3wQsdTzXW_ZaKkxUtzUwzriedC-pOKvjKLQLouMygKZWiLbklRgp9SI2XMjwKNMQhdgFbm8FTnd9EqnJN6uT_lZM48TwImB9IJDXJW-jg_yaUoKkUU4xrM6sJzx6mEXdzBf_Xr_JVodUOnFtwABbjHome6lGh0s4SlJ4ILDBXhCdM3j3nxcoVVttKeCIgwrY0FxQWia3o84jCeVy4qRMn-KkdNEjSxWTcNXLb6Zt1rp8Q0Hdxx9OU2Tr385CGSBUbYypAbQpSrB4gyqVFEtrwI_k70ZMC-yJFUF5qmxZYCVhiB6g6WMvnx7K6Lvgsxbw1MHQdp7UM4GPVgghJ_IgIYA4sZmfDan5WhRfuCgJFuQVqQysrKwSUFqeVeWQJE7QNdhLqFMzz24bwj2tCVvdgjAhegBQhMxQZV6NjkvsscxW0L7FVg2rCeg3PsYmoG7neQ1PVyY-2-L9s5y7aN7p4g7VVwjhwfxkzRDlMX9geyoNE7Mq9uv6z1HeN-oW5nCHhjpJ_bIMSAJpHsru6fFUVzULorkYzPA7EDcSwN7rpqlRzzyMvKJlZn3Jjt_eR8NHuaBSXVlnF21cRTByZhzy1fkA5Uczk2ZgGYH68KGtHCD2_cTwVlYxQ32HNs8Y_sIdLmHo6K4_9s3mB6nJSs954-tuJ8ToKl6FRR5EB92ZYW89Lrj0e-g96GAEgExqacJ899aTtxu9d7N89Mz73N4-PgSaxLUokqvHADwdtyjFWg/wp/0.0105/pclick/https://ads.yahoo.com/clk?3,eJyljdGKwjAQRb.GtyJJG2sg7ENC0qVqo7uGsu1boqklGiNYKfr12lXcD9jDcDkwM1yYEG0mUKemaaZ22-BUE4hsurEWTyCIACEkTgDGEKUoKoA4su89.ex50die0YEM-bqnT3ZD5E9f4SEFF-Zn.toblyfbX2dyFug.4Foz8fJH301k3PV0HdTFCMT-zgq0VMxLVbqFyqFUoitUdpBr2FbuCyxU6Wteu8rncRXXB7l7f35EUdt1p.MooaM4e4y.jq-6DWG8Cf4Ot49ZGg==,",GET,200,text/javascript,gzip,,-1,73,68,,4381,4454,,-1,4189,4261,-1,4308,4381,4261,4308,0,1739,1946,0,https://ads.yahoo.com/imp?K=1&Z=300x250&cb=1436346644.352046&u=https%3A%2F%2Fmy.yahoo.com&P=%24%7bRS%7d%7cw4l88TY4LjEjW9l1VZzpFALwOTMuMVWc6RQQOPNM%7c150002829%7cLREC%7c1436346644.352046%7c2-8-9%7cysd%7c1&S=3390223551&i=1140954&D=smpv%3d3%26ed%3dzxE1dF31xQzMnXQidpJpWNtPOVyg0bJDLmA-&_salt=3375469759&B=10&H=&M=3&r=0,3,,0,
07/08/2015,09:10:41,-,-,83,s.yimg.com,,/lq/lib/can_interstitial/icons/adchoice_1.4.png,GET,200,image/png,,Yahoo,-1,63,60,,4473,4536,,-1,0,0,-1,0,0,0,0,0,678,490,0,https://s.yimg.com/rq/darla/2-8-9/html/r-sf.html,33,"Mon, 30 Jun 2025 19:24:04 GMT",0,
07/08/2015,09:10:41,-,-,84,s.yimg.com,,/rq/iv/inside.js,GET,200,application/x-javascript,gzip,Yahoo,-1,42,35,,4474,4516,,-1,0,0,-1,0,0,0,0,0,5867,411,0,"https://pr.ybp.yahoo.com/ab/secure/true/imp/I9zXFPOx_f_UK7eVFXIzJz3MVLTq5aW9yQe1puEpwlsMkU-PoiF0zieETwL4GvF9Zvvp6pW2sqi1V1VDwS4Fo9128hXP3G12QSFk6H0t0v0IJsz_EcIKwqWNpwrEDhNiWCd8Ie-2FhL04eH3tMV5k3d9rDj_17mla4YAnn3aPv3JeGlou8G8oqae8YdeiFyzKlzTLPntnZ7TtzoN1JWSRVx96MS0hu8AOuI4SM0vcQVYrVltWFUUNSd3iJeHLA3ItNz589qymmoJ7uH2nDAcGC9FSc2UcK6tH1rxbjjShQJbBAjRRIjljfWbollnqOC8yLEMoKDMgtudR_EfBzavZt6jti4MNwTb67c6fTiGIqVileEBfmxuHJdM0ppxLhdTnH_-f4pPDp9P5Se1tbcdURgs1Y8rZlpRnJmzrVGEVzYK5IvI32R3nN-EAOhkI4Hv3P-lsuSZQ3hES4kx3mvSCW5UePWsdrtXy579RrkJ0z2W3wQsdTzXW_ZaKkxUtzUwzriedC-pOKvjKLQLouMygKZWiLbklRgp9SI2XMjwKNMQhdgFbm8FTnd9EqnJN6uT_lZM48TwImB9IJDXJW-jg_yaUoKkUU4xrM6sJzx6mEXdzBf_Xr_JVodUOnFtwABbjHome6lGh0s4SlJ4ILDBXhCdM3j3nxcoVVttKeCIgwrY0FxQWia3o84jCeVy4qRMn-KkdNEjSxWTcNXLb6Zt1rp8Q0Hdxx9OU2Tr385CGSBUbYypAbQpSrB4gyqVFEtrwI_k70ZMC-yJFUF5qmxZYCVhiB6g6WMvnx7K6Lvgsxbw1MHQdp7UM4GPVgghJ_IgIYA4sZmfDan5WhRfuCgJFuQVqQysrKwSUFqeVeWQJE7QNdhLqFMzz24bwj2tCVvdgjAhegBQhMxQZV6NjkvsscxW0L7FVg2rCeg3PsYmoG7neQ1PVyY-2-L9s5y7aN7p4g7VVwjhwfxkzRDlMX9geyoNE7Mq9uv6z1HeN-oW5nCHhjpJ_bIMSAJpHsru6fFUVzULorkYzPA7EDcSwN7rpqlRzzyMvKJlZn3Jjt_eR8NHuaBSXVlnF21cRTByZhzy1fkA5Uczk2ZgGYH68KGtHCD2_cTwVlYxQ32HNs8Y_sIdLmHo6K4_9s3mB6nJSs954-tuJ8ToKl6FRR5EB92ZYW89Lrj0e-g96GAEgExqacJ899aTtxu9d7N89Mz73N4-PgSaxLUokqvHADwdtyjFWg/wp/0.0105/pclick/https://ads.yahoo.com/clk?3,eJyljdGKwjAQRb.GtyJJG2sg7ENC0qVqo7uGsu1boqklGiNYKfr12lXcD9jDcDkwM1yYEG0mUKemaaZ22-BUE4hsurEWTyCIACEkTgDGEKUoKoA4su89.ex50die0YEM-bqnT3ZD5E9f4SEFF-Zn.toblyfbX2dyFug.4Foz8fJH301k3PV0HdTFCMT-zgq0VMxLVbqFyqFUoitUdpBr2FbuCyxU6Wteu8rncRXXB7l7f35EUdt1p.MooaM4e4y.jq-6DWG8Cf4Ot49ZGg==,",1,"Wed, 08 Jul 2015 09:27:14 GMT",0,
07/08/2015,09:10:41,-,-,85,s.yimg.com,,/zz/combo?kx/yucs/uh3s/uh/379/js/uh-min.js&kx/yucs/uh3s/uh/379/js/escregex-min.js&kx/yucs/uh3s/uh/376/js/persistence-min.js&kx/yucs/uh3s/uh/401/js/menu_group_plugin-min.js&kx/yucs/uh3s/uh/399/js/menu-plugin-min.js&kx/yucs/uh3s/uh/402/js/menu_handler_v2-min.js&kx/yucs/uh3s/uh/376/js/gallery-jsonp-min.js&kx/yucs/uh3s/uh/408/js/logo_debug-min.js&kx/yucs/uh3/uh/js/958/localeDateFormat-min.js&kx/yucs/uh3s/uh/409/js/timestamp_library-min.js&kx/yucs/uh3s/uh/376/js/usermenu_v2-min.js&kx/yucs/uh3/signout-link/10/js/signout-min.js&kx/yucs/uhc/rapid/41/js/uh_rapid-min.js&kx/yucs/uhc/meta/66/js/meta-min.js&kx/yucs/uh_common/beacon/18/js/beacon-min.js&kx/yucs/uh2/comet/84/js/cometd-yui3-min.js&kx/yucs/uh2/comet/84/js/conn-min.js&kx/yucs/uh2/comet/84/js/dark-test-min.js&kx/yucs/uh3/disclaimer/384/js/disclaimer_seed-min.js&kx/yucs/uh3s/top-bar/137/js/top_bar_v2-min.js&kx/yucs/uh3s/top-bar/139/js/home_menu-min.js&kx/yucs/uh3s/search/310/js/search-min.js&kx/yucs/uh3s/help/70/js/help_menu_v4-min.js&kx/yucs/uh3/location/10/js/uh_locdrop-min.js,GET,200,application/javascript,gzip,Yahoo,-1,81,49,,4485,4566,,-1,0,0,-1,0,0,0,0,0,24189,2432,0,https://s.yimg.com/zz/combo?yui:/3.12.0/yui/yui-min.js&/os/mit/td/asset-loader-s-f66c53f0.js&/ss/rapid-3.26.1.js,12,"Thu, 24 Apr 2025 17:15:56 GMT",0,
07/08/2015,09:10:41,ad,DoubleClick,86,cm.g.doubleclick.net,,/pixel?google_nid=y_eu&nid=665481&google_cm&y=w81qlv48SCSTrl9nJ.jYrzUgHHpnYv7LULIpJA--,GET,302,text/html,,Google,-1,84,70,,4501,4585,,-1,4254,4318,-1,4352,4500,4318,4352,0,1068,573,0,https://s.yimg.com/rq/darla/2-8-9/html/r-sf.html,2,"Fri, 01 Jan 1990 00:00:00 GMT",0,
07/08/2015,09:10:41,-,-,87,s.yimg.com,,/zz/combo?yui:3.12.0/datatype-date-parse/datatype-date-parse-min.js&yui:3.12.0/datatype-date-format/lang/datatype-date-format_en-US.js&yui:3.12.0/datatype-date-format/datatype-date-format-min.js&yui:3.12.0/datatype-date-math/datatype-date-math-min.js,GET,200,application/javascript,gzip,Yahoo,-1,40,39,,4586,4626,,-1,0,0,-1,0,0,0,0,0,2405,852,0,https://s.yimg.com/zz/combo?yui:/3.12.0/yui/yui-min.js&/os/mit/td/asset-loader-s-f66c53f0.js&/ss/rapid-3.26.1.js,12,"Sat, 05 Sep 2026 00:00:00 GMT",0,
07/08/2015,09:10:41,ad,DoubleClick,88,cm.g.doubleclick.net,,/pixel?google_nid=y_eu&nid=665481&google_cm=&y=w81qlv48SCSTrl9nJ.jYrzUgHHpnYv7LULIpJA--&google_tc=,GET,302,text/html,,Google,-1,117,70,,4586,4703,,-1,0,0,-1,0,0,0,0,0,1238,637,0,https://s.yimg.com/rq/darla/2-8-9/html/r-sf.html,2,"Fri, 01 Jan 1990 00:00:00 GMT",0,
07/08/2015,09:10:41,ad,Rubicon,89,tap.rubiconproject.com,,/oz/feeds/yahoo-network-plus-openrtb/tokens/?rt=img&token=1436345945&nonce=w81qlv48SCSTrl9nJ.jYrzUgHHpnYv7LULIpJA--,GET,302,text/plain,,,-1,124,120,,4690,4814,,-1,4260,4321,-1,4431,4690,4321,4431,0,1042,469,0,https://s.yimg.com/rq/darla/2-8-9/html/r-sf.html,2,,0,
07/08/2015,09:10:41,ad,Right Media,90,adfarm.mediaplex.com,,"/ad/js/25522-185140-34909-7?mpt=1546027204126097735&mpvc=https://ads.yahoo.com/clk?3,eJyljdGKwjAQRb.GtyJJG2sg7ENC0qVqo7uGsu1boqklGiNYKfr12lXcD9jDcDkwM1yYEG0mUKemaaZ22-BUE4hsurEWTyCIACEkTgDGEKUoKoA4su89.ex50die0YEM-bqnT3ZD5E9f4SEFF-Zn.toblyfbX2dyFug.4Foz8fJH301k3PV0HdTFCMT-zgq0VMxLVbqFyqFUoitUdpBr2FbuCyxU6Wteu8rncRXXB7l7f35EUdt1p.MooaM4e4y.jq-6DWG8Cf4Ot49ZGg==,http://pr.ybp.yahoo.com/cj/cd/UtXtno2atPoH9ETePjsWB_GsPQu2N_A61E9fq3on9V7Wj04khyr-LIz0d885Ogz_K_Qi08jE5_xBcfPjgzc0yTZUl1ws1Eobz_A5BbN9hKT-iBJ0hyxL3g/rurl/",GET,302,,,,-1,117,114,,4709,4826,,-1,4472,4603,-1,4633,4709,4603,4633,0,1514,851,0,"https://pr.ybp.yahoo.com/ab/secure/true/imp/I9zXFPOx_f_UK7eVFXIzJz3MVLTq5aW9yQe1puEpwlsMkU-PoiF0zieETwL4GvF9Zvvp6pW2sqi1V1VDwS4Fo9128hXP3G12QSFk6H0t0v0IJsz_EcIKwqWNpwrEDhNiWCd8Ie-2FhL04eH3tMV5k3d9rDj_17mla4YAnn3aPv3JeGlou8G8oqae8YdeiFyzKlzTLPntnZ7TtzoN1JWSRVx96MS0hu8AOuI4SM0vcQVYrVltWFUUNSd3iJeHLA3ItNz589qymmoJ7uH2nDAcGC9FSc2UcK6tH1rxbjjShQJbBAjRRIjljfWbollnqOC8yLEMoKDMgtudR_EfBzavZt6jti4MNwTb67c6fTiGIqVileEBfmxuHJdM0ppxLhdTnH_-f4pPDp9P5Se1tbcdURgs1Y8rZlpRnJmzrVGEVzYK5IvI32R3nN-EAOhkI4Hv3P-lsuSZQ3hES4kx3mvSCW5UePWsdrtXy579RrkJ0z2W3wQsdTzXW_ZaKkxUtzUwzriedC-pOKvjKLQLouMygKZWiLbklRgp9SI2XMjwKNMQhdgFbm8FTnd9EqnJN6uT_lZM48TwImB9IJDXJW-jg_yaUoKkUU4xrM6sJzx6mEXdzBf_Xr_JVodUOnFtwABbjHome6lGh0s4SlJ4ILDBXhCdM3j3nxcoVVttKeCIgwrY0FxQWia3o84jCeVy4qRMn-KkdNEjSxWTcNXLb6Zt1rp8Q0Hdxx9OU2Tr385CGSBUbYypAbQpSrB4gyqVFEtrwI_k70ZMC-yJFUF5qmxZYCVhiB6g6WMvnx7K6Lvgsxbw1MHQdp7UM4GPVgghJ_IgIYA4sZmfDan5WhRfuCgJFuQVqQysrKwSUFqeVeWQJE7QNdhLqFMzz24bwj2tCVvdgjAhegBQhMxQZV6NjkvsscxW0L7FVg2rCeg3PsYmoG7neQ1PVyY-2-L9s5y7aN7p4g7VVwjhwfxkzRDlMX9geyoNE7Mq9uv6z1HeN-oW5nCHhjpJ_bIMSAJpHsru6fFUVzULorkYzPA7EDcSwN7rpqlRzzyMvKJlZn3Jjt_eR8NHuaBSXVlnF21cRTByZhzy1fkA5Uczk2ZgGYH68KGtHCD2_cTwVlYxQ32HNs8Y_sIdLmHo6K4_9s3mB6nJSs954-tuJ8ToKl6FRR5EB92ZYW89Lrj0e-g96GAEgExqacJ899aTtxu9d7N89Mz73N4-PgSaxLUokqvHADwdtyjFWg/wp/0.0105/pclick/https://ads.yahoo.com/clk?3,eJyljdGKwjAQRb.GtyJJG2sg7ENC0qVqo7uGsu1boqklGiNYKfr12lXcD9jDcDkwM1yYEG0mUKemaaZ22-BUE4hsurEWTyCIACEkTgDGEKUoKoA4su89.ex50die0YEM-bqnT3ZD5E9f4SEFF-Zn.toblyfbX2dyFug.4Foz8fJH301k3PV0HdTFCMT-zgq0VMxLVbqFyqFUoitUdpBr2FbuCyxU6Wteu8rncRXXB7l7f35EUdt1p.MooaM4e4y.jq-6DWG8Cf4Ot49ZGg==,",1,0,0,
07/08/2015,09:10:41,-,-,91,geo.query.yahoo.com,,/v1/public/yql?yhlVer=2&yhlClient=rapid&yhlS=150002829&yhlCT=2&yhlBTMS=1436346646495&yhlClientVer=3.26.1&yhlRnd=zZti8tEJU0mmjNDG&yhlCompressed=3,POST,200,text/plain,,,-1,458,145,,4754,5212,,-1,0,0,-1,0,0,0,0,0,1125,596,0,https://s.yimg.com/zz/combo?yui:/3.12.0/yui/yui-min.js&/os/mit/td/asset-loader-s-f66c53f0.js&/ss/rapid-3.26.1.js,144,"Wed, 01 Mar 1995 00:00:00 GMT",0,
07/08/2015,09:10:41,ad,Right Media,92,ads.yahoo.com,,/user-match?nid=720252&y=w81qlv48SCSTrl9nJ.jYrzUgHHpnYv7LULIpJA--&eid=&status=no-user-id,GET,200,text/html,,,-1,67,65,,4816,4883,,-1,0,0,-1,0,0,0,0,0,450,467,0,https://s.yimg.com/rq/darla/2-8-9/html/r-sf.html,2,,0,
07/08/2015,09:10:41,ad,Right Media,93,ad.yieldmanager.com,,/user-match?nid=665481&y=w81qlv48SCSTrl9nJ.jYrzUgHHpnYv7LULIpJA--&google_gid=CAESECJSrzLBk6YsudNlUaCPGzg&google_cver=1,GET,302,text/plain,,,-1,60,57,,4911,4971,,-1,4708,4781,-1,4833,4911,4781,4833,0,600,469,0,https://s.yimg.com/rq/darla/2-8-9/html/r-sf.html,2,,0,
07/08/2015,09:10:41,ad,Right Media,94,ads.yahoo.com,,/user-match?nid=665481&y=w81qlv48SCSTrl9nJ.jYrzUgHHpnYv7LULIpJA--&google_gid=CAESECJSrzLBk6YsudNlUaCPGzg&google_cver=1&_msd=1,GET,200,text/html,,,-1,67,64,,4970,5037,,-1,0,0,-1,0,0,0,0,0,450,504,0,https://s.yimg.com/rq/darla/2-8-9/html/r-sf.html,2,,0,
07/08/2015,09:10:41,-,-,95,csync.yahooapis.com,,/csync?ver=2.1&id=23351&value=26zhcrynccd8x%26o%3d3%26f%3dne&optout=&timeout=1436346644&sig=11gkfsiam,GET,200,text/plain,gzip,Yahoo,-1,60,57,,5076,5136,,-1,4852,4915,-1,4962,5076,4915,4962,0,526,453,0,https://my.yahoo.com/,1,,0,
07/08/2015,09:10:41,-,-,96,beap.gemini.yahoo.com,,/mbcsc?bv=1.0.0&es=Kz4gPRYGIS_vsBN5SArRu3fGqabhzw9Xgj2JjZyzc29FQ2zIWLx6PJXZ9eXYEJ4AepcH4NKWimEIsdj4Y7UGAj_ogKtf_t1VN8cggeBIfnOse9DAwJIMWfQOSfxjTveS8YUzex_5kPQTSOW1uCpH5Xkx5HKDRiavCTZSOp_Sa.kopx9r9oaGqNXDBN2qVl7TVHNWH.nRXsevcjLfMNr9Cia5Ik_.CAPXmoxLdOTozq66BTIWBgv5O_7WyeBkohHyDIzjTtVRYNJ9t40tGl__mC00bMKWxIFDURiXVbwndXsyNZ1KI34ME6QaH9gjZ2tv8QSxIEEgc94LY7O46Csj8PV4NudxPYATMZIjvx39jKLbkrjW9u9mmQ--&ap=2,GET,200,,,,-1,55,53,,5104,5159,,-1,4919,4984,-1,5028,5104,4984,5028,0,188,1225,0,https://my.yahoo.com/,1,,0,
07/08/2015,09:10:41,ad,Right Media,97,secure.img-cdn.mediaplex.com,,"/content/0/25522/NL_Summer_SALE_300x250.js?mpck=adfarm.mediaplex.com%2Fad%2Fck%2F25522-185140-34909-7%3Fmpt%3D1546027204126097735%26mpcr%3D58130135%26mpcrset%3Droot&mpjs=secure.img-cdn.mediaplex.com%2F0%2F25985%2Fadclear_nl.js%3Fcamp%3DNL_BB_CC_ME_20_00001%26ts%3D1546027204126097735&mpjsp=https%3A%2F%2Fsecure.img-cdn.mediaplex.com%2F0%2F25985%2Fadclear_nl.js%3Fcamp%3DNL_BB_CC_ME_20_00001%26ts%3D1546027204126097735&mpt=1546027204126097735&mpvc=https://ads.yahoo.com/clk?3,eJyljdGKwjAQRb.GtyJJG2sg7ENC0qVqo7uGsu1boqklGiNYKfr12lXcD9jDcDkwM1yYEG0mUKemaaZ22-BUE4hsurEWTyCIACEkTgDGEKUoKoA4su89.ex50die0YEM-bqnT3ZD5E9f4SEFF-Zn.toblyfbX2dyFug.4Foz8fJH301k3PV0HdTFCMT-zgq0VMxLVbqFyqFUoitUdpBr2FbuCyxU6Wteu8rncRXXB7l7f35EUdt1p.MooaM4e4y.jq-6DWG8Cf4Ot49ZGg==,http://pr.ybp.yahoo.com/cj/cd/UtXtno2atPoH9ETePjsWB_GsPQu2N_A61E9fq3on9V7Wj04khyr-LIz0d885Ogz_K_Qi08jE5_xBcfPjgzc0yTZUl1ws1Eobz_A5BbN9hKT-iBJ0hyxL3g/rurl/",GET,200,text/javascript,,Akamai,-1,212,209,,5156,5368,,-1,4826,5036,-1,5067,5156,5036,5067,0,10056,1320,0,https://s.yimg.com/rq/darla/2-8-9/html/r-sf.html,33,"Wed, 08 Jul 2015 09:10:49 GMT",0,
07/08/2015,09:10:41,ad,ValueClick Mediaplex,98,secure.img-cdn.mediaplex.com,,/0/25985/adclear_nl.js?camp=NL_BB_CC_ME_20_00001&ts=1546027204126097735,GET,200,text/javascript,,Akamai,-1,91,42,,5378,5469,,-1,0,0,-1,0,0,0,0,0,952,485,0,"https://secure.img-cdn.mediaplex.com/content/0/25522/NL_Summer_SALE_300x250.js?mpck=adfarm.mediaplex.com%2Fad%2Fck%2F25522-185140-34909-7%3Fmpt%3D1546027204126097735%26mpcr%3D58130135%26mpcrset%3Droot&mpjs=secure.img-cdn.mediaplex.com%2F0%2F25985%2Fadclear_nl.js%3Fcamp%3DNL_BB_CC_ME_20_00001%26ts%3D1546027204126097735&mpjsp=https%3A%2F%2Fsecure.img-cdn.mediaplex.com%2F0%2F25985%2Fadclear_nl.js%3Fcamp%3DNL_BB_CC_ME_20_00001%26ts%3D1546027204126097735&mpt=1546027204126097735&mpvc=https://ads.yahoo.com/clk?3,eJyljdGKwjAQRb.GtyJJG2sg7ENC0qVqo7uGsu1boqklGiNYKfr12lXcD9jDcDkwM1yYEG0mUKemaaZ22-BUE4hsurEWTyCIACEkTgDGEKUoKoA4su89.ex50die0YEM-bqnT3ZD5E9f4SEFF-Zn.toblyfbX2dyFug.4Foz8fJH301k3PV0HdTFCMT-zgq0VMxLVbqFyqFUoitUdpBr2FbuCyxU6Wteu8rncRXXB7l7f35EUdt1p.MooaM4e4y.jq-6DWG8Cf4Ot49ZGg==,http://pr.ybp.yahoo.com/cj/cd/UtXtno2atPoH9ETePjsWB_GsPQu2N_A61E9fq3on9V7Wj04khyr-LIz0d885Ogz_K_Qi08jE5_xBcfPjgzc0yTZUl1ws1Eobz_A5BbN9hKT-iBJ0hyxL3g/rurl/",151,,0,
07/08/2015,09:10:41,ad,ValueClick Mediaplex,99,secure.img-cdn.mediaplex.com,,/0/25522/NL_Summer_SALE_300x250.swf,GET,200,application/x-shockwave-flash,,Akamai,-1,112,63,,5469,5581,,-1,0,0,-1,0,0,0,0,0,46039,494,0,https://s.yimg.com/rq/darla/2-8-9/html/r-sf.html,1,,0,
07/08/2015,09:10:41,-,-,100,bcd.esprit.nl,,/acv/A2201341/?camp=NL_BB_CC_ME_20_00001&ts=1546027204126097735,GET,200,image/gif,,,-1,54,52,,6098,6152,,-1,5477,5929,-1,5979,6098,5929,5979,0,531,408,0,https://s.yimg.com/rq/darla/2-8-9/html/r-sf.html,1,"Mon, 26 Jul 1997 05:00:00 GMT",0,
07/08/2015,09:10:41,-,-,101,s.yimg.com,,/dh/ap/my/themes/warm_1366x854_01.jpg,GET,200,image/jpeg,,Yahoo,-1,135,35,,6179,6314,,-1,0,0,-1,0,0,0,0,0,30478,491,0,,,"Sat, 05 Sep 2026 00:00:00 GMT",0,
07/08/2015,09:10:41,-,-,102,s.yimg.com,,/rz/l/favicon.ico,GET,200,image/x-icon,,Yahoo,-1,75,74,,6330,6405,,-1,0,0,-1,0,0,0,0,0,5739,434,0,,,"Wed, 08 Jul 2015 23:00:01 GMT",0,
07/08/2015,09:10:41,-,-,103,beap-bc.yahoo.com,,/k2?v=1.0.0&s=xxxx&f=1436346644348382%2C150002829%2Cw4l88TY4LjEjW9l1VZzpFALwOTMuMVWc6RQQOPNM%2Csdarla_2-8-9&p=%7B118%2C764%2C1880%2C0%2C0%2C0%2C0%7D%5B-1%2C2216007551%2CLREC%2C300x250%2C999999%2C999999%2C999999%2C0%2C0%2C3474%2C-1%2C-1%2C4354507051%2C-1%2Cfalse%2Cw4l88TY4LjEjW9l1VZzpFALwOTMuMVWc6RQQOPNM%3A1436346644348382%3ALREC%2C2%2C2%2C0%2C2%2C0%2C2%2C0%2C0%2C3%2C1%2C3%2C2%2C0%2C0%2C0%2C0%2C0%2C0%2C3%2Chttps%253A//my.yahoo.com%2C%2C0%2C2%2C3%2C0%2C0%5D&cb=1436346648200,GET,200,image/gif,,,-1,140,139,,6520,6660,,-1,0,0,-1,0,0,0,0,0,328,1369,0,,,,0,
07/08/2015,09:10:41,-,-,104,beap-bc.yahoo.com,,/yv?sek=2853452240511751057:1436346647734&as=YAMPViewableImpressionPayload&av=0.1.0&ap=AgIGArJUAqj7AQLmiggCwrEmAr7yDgISeWFob28uY29tAoikAQKwjF4CoAgChD0CrBoCAQIBAmQCAgICAgACGG15LnlhaG9vLmNvbQJIMzg5MGY1NWMtMjU1MS0xMWU1LWFiNDQtNWZkNmNiYjZjZmU2Av6UAQLAuVUC5OQFAgICBAKIpAEC_pQBArCMXgLAuVUC5OQFAgQ&iv=100&v=1&m=11&r=1436346648269,GET,200,image/gif,,,-1,138,134,,6528,6666,,-1,0,0,-1,0,0,0,0,0,77,1088,0,,,,0,
07/08/2015,09:10:41,-,-,105,beap-bc.yahoo.com,,/av?v=1.0.0&f=150002829%2Cw4l88TY4LjEjW9l1VZzpFALwOTMuMVWc6RQQOPNM%2C1436346644348382&p=%5B2216007551%2CLREC%2C300x250%2C999999%2C999999%2C999999%2C0%2C100%2C1%2C4354507051%2C5ltfR2KLDy0-%5D&cb=1436346649499,GET,200,image/gif,,,-1,135,134,,7758,7893,,-1,0,0,-1,0,0,0,0,0,79,831,0,,,,0,
07/08/2015,09:10:41,-,-,106,s.yimg.com,,/uu/api/res/1.2/jVyyxSkfhfUh69LhA35H5Q--/YXBwaWQ9eXRhY2h5b24-/http://media.zenfs.com/en_us/News/ucomics.com/crbc150707.gif,GET,200,image/gif,,Yahoo,-1,112,38,,8208,8320,,-1,0,0,-1,0,0,0,0,0,46780,661,0,,,,0,
